<?xml version="1.0" encoding="UTF-8" ?>
<!DOCTYPE mapper
  PUBLIC "-//mybatis.org//DTD Mapper 3.0//EN"
  "http://mybatis.org/dtd/mybatis-3-mapper.dtd">
<mapper namespace="com.project.zara.mapper.BoardMapper">

	<!-- 게시글 목록 출력 -->
	<select id="getList" resultType="BoardVO">
		select * from board
		ORDER BY bno DESC
	</select>
	
	<!-- 총 게시글 개수 출력 -->
	<select id="selectRowCount" resultType="integer">
		select count(*) from board
	</select>
	
	<!-- 카테고리에 맞는 게시글 개수 출력 -->
	<select id="CategoryRowCount" parameterType="String" resultType="integer">
		select count(*) from board where category = #{category}
	</select>
	
	<!-- 페이징 처리 후 게시글 조회 -->
	<select id="selectBoard" resultType="BoardVO" parameterType="map">
		SELECT *
		FROM (SELECT ROWNUM RN, A.*
				FROM (SELECT * FROM board
					  ORDER BY bno DESC) A
				)
		WHERE RN BETWEEN #{start} AND #{end}
	</select>
	
	<!-- 카테고리 별 페이징 처리 후 게시글 조회 -->
	<select id="selectCategoryBoard" resultType="BoardVO" parameterType="map">
		SELECT *
		FROM (SELECT ROWNUM RN, A.*
				FROM (
                    SELECT * FROM board
                    where category = #{category}
                    ORDER BY bno DESC) A
				)
		WHERE RN BETWEEN #{start} AND #{end}
	</select>
	
	

	<!-- 글쓰기 -->
	<insert id="insertBoard">
		insert into board
		 		(bno, mem_id, title, content, category, create_at, update_at, hit)
		 VALUES (seq_board.nextval, #{mem_id}, #{title}, #{content}, #{category}, sysdate , null,0)		
	</insert>


</mapper>